{
    "action": {
        "mean": [
            -7.868126392364502,
            5.705108642578125,
            0.0,
            106.38383483886719,
            0.0,
            46.104312896728516,
            7.836339950561523,
            16.128677368164062
        ],
        "std": [
            16.957082748413086,
            15.312868118286133,
            0.0,
            16.56201171875,
            0.0,
            19.99676513671875,
            7.337640762329102,
            19.259540557861328
        ],
        "min": [
            -45.5198974609375,
            -64.88664245605469,
            0.0,
            64.88687896728516,
            0.0,
            -14.269617080688477,
            -28.858535766601562,
            0.2748691141605377
        ],
        "max": [
            21.180999755859375,
            34.055416107177734,
            0.0,
            158.82351684570312,
            0.0,
            137.55331420898438,
            36.58536148071289,
            44.92146301269531
        ],
        "q01": [
            -40.898590087890625,
            -30.730478286743164,
            0.0,
            70.99546813964844,
            0.0,
            5.287725925445557,
            -8.839024543762207,
            0.5497382283210754
        ],
        "q99": [
            14.094993591308594,
            31.133499145507812,
            0.0,
            140.76922607421875,
            0.0,
            108.43460845947266,
            27.921951293945312,
            44.882198333740234
        ]
    },
    "observation.state": {
        "mean": [
            -7.896485328674316,
            5.673884391784668,
            0.003939616493880749,
            104.86802673339844,
            0.02893657237291336,
            45.8422737121582,
            7.777215480804443,
            15.447500228881836
        ],
        "std": [
            16.688901901245117,
            15.0281982421875,
            0.006482256576418877,
            16.93218231201172,
            0.04667368158698082,
            19.43596839904785,
            7.195796489715576,
            18.27336311340332
        ],
        "min": [
            -45.10361862182617,
            -62.08566665649414,
            -0.12280979007482529,
            28.091567993164062,
            -0.10548483580350876,
            -10.828317642211914,
            -27.905902862548828,
            -0.03847820684313774
        ],
        "max": [
            20.476943969726562,
            33.89712905883789,
            0.032562535256147385,
            150.00057983398438,
            0.2650652229785919,
            135.37905883789062,
            35.35137939453125,
            44.70920944213867
        ],
        "q01": [
            -40.57155532836914,
            -29.88119743347168,
            -0.004561894182115793,
            65.54302337646484,
            -0.020635224431753158,
            6.357163391113281,
            -8.37614761352539,
            0.4635008692741394
        ],
        "q99": [
            13.682327346801763,
            30.9809100341797,
            0.01933950513601305,
            138.6527600097657,
            0.12280201464891448,
            104.16438934326175,
            27.599494094848673,
            43.01233352661133
        ]
    },
    "timestamp": {
        "mean": [
            6.391045570373535
        ],
        "std": [
            4.179230690002441
        ],
        "min": [
            0.0
        ],
        "max": [
            29.53333282470703
        ],
        "q01": [
            0.10000000149011612
        ],
        "q99": [
            17.081333999633866
        ]
    },
    "frame_index": {
        "mean": [
            191.73135375976562
        ],
        "std": [
            125.3769302368164
        ],
        "min": [
            0.0
        ],
        "max": [
            886.0
        ],
        "q01": [
            3.0
        ],
        "q99": [
            512.4400000000023
        ]
    },
    "episode_index": {
        "mean": [
            50.40305709838867
        ],
        "std": [
            29.455039978027344
        ],
        "min": [
            0.0
        ],
        "max": [
            101.0
        ],
        "q01": [
            0.0
        ],
        "q99": [
            101.0
        ]
    },
    "index": {
        "mean": [
            18678.0
        ],
        "std": [
            10784.037109375
        ],
        "min": [
            0.0
        ],
        "max": [
            37356.0
        ],
        "q01": [
            373.56
        ],
        "q99": [
            36982.44
        ]
    },
    "task_index": {
        "mean": [
            0.0
        ],
        "std": [
            0.0
        ],
        "min": [
            0.0
        ],
        "max": [
            0.0
        ],
        "q01": [
            0.0
        ],
        "q99": [
            0.0
        ]
    }
}